,YEAR,WEEK,% WEIGHTED ILI,%UNWEIGHTED ILI,ILITOTAL,NUM. OF PROVIDERS,TOTAL PATIENTS
261,2002,40,1.22262,1.16668,2060,754,176569
262,2002,41,1.33344,1.2165,2267,785,186355
263,2002,42,1.31929,1.13057,2176,831,192469
264,2002,43,1.49484,1.25246,2599,863,207512
265,2002,44,1.47195,1.30237,2907,909,223208
266,2002,45,1.58094,1.40551,3225,930,229454
267,2002,46,1.49426,1.38437,3097,923,223712
268,2002,47,1.40569,1.32563,2967,922,223818
269,2002,48,1.6141,1.43475,2709,918,188814
270,2002,49,1.45967,1.25433,3049,937,243078
271,2002,50,1.59896,1.25757,2957,928,235136
272,2002,51,2.16697,1.58017,3416,908,216179
273,2002,52,2.57842,1.98008,2857,865,144287
274,2003,1,2.38636,1.90428,3260,879,171193
275,2003,2,1.73621,1.5901,3729,926,234513
276,2003,3,2.06296,1.81559,4204,902,231550
277,2003,4,2.58113,2.41801,5696,927,235566
278,2003,5,2.93909,2.86635,7079,884,246969
279,2003,6,3.22539,3.16662,7782,889,245751
280,2003,7,3.06982,3.0155,7649,903,253656
281,2003,8,3.20044,2.9978,7228,871,241110
282,2003,9,2.44888,2.31957,5606,857,241683
283,2003,10,2.1344,1.94707,4450,839,228549
284,2003,11,1.99866,1.72985,3810,835,220250
285,2003,12,1.93849,1.51837,2987,795,196724
286,2003,13,1.41293,1.22616,2439,775,198913
287,2003,14,1.23472,1.05433,2028,741,192349
288,2003,15,1.20005,1.07108,2082,735,194383
289,2003,16,0.910135,0.82612,1467,669,177577
290,2003,17,0.932265,0.820505,1445,682,176111
291,2003,18,0.692175,0.630846,1075,655,170406
292,2003,19,0.669406,0.63935,1005,613,157191
293,2003,20,0.727705,0.586609,836,547,142514
294,2003,21,0.717701,0.773024,740,406,95728
295,2003,22,0.789394,0.790743,641,393,81063
296,2003,23,0.722129,0.711847,563,344,79090
297,2003,24,0.591326,0.794637,620,341,78023
298,2003,25,0.52307,0.586604,423,322,72110
299,2003,26,0.450236,0.615982,441,322,71593
300,2003,27,0.397421,0.491507,318,310,64699
301,2003,28,0.448002,0.604341,441,308,72972
302,2003,29,0.474767,0.524478,365,301,69593
303,2003,30,0.453251,0.590692,420,302,71103
304,2003,31,0.352158,0.505135,361,290,71466
305,2003,32,0.525322,0.634271,443,295,69844
306,2003,33,0.492991,0.610118,421,283,69003
307,2003,34,0.542728,0.641227,450,277,70178
308,2003,35,0.490347,0.661429,463,276,70000
309,2003,36,0.735914,0.792681,519,271,65474
310,2003,37,0.581771,0.639059,475,267,74328
311,2003,38,0.654162,0.636732,461,264,72401
312,2003,39,0.749504,0.747829,533,268,71273
313,2003,40,0.884021,0.960873,2442,830,254144
314,2003,41,1.02773,1.04325,2932,931,281045
315,2003,42,1.28296,1.0545,3031,974,287436
316,2003,43,1.32661,1.11231,3475,1007,312412
317,2003,44,1.77304,1.41274,4690,1074,331980
318,2003,45,2.43814,1.72703,5790,1111,335258
319,2003,46,2.72605,2.407,8385,1141,348359
320,2003,47,3.73192,3.10962,11141,1129,358275
321,2003,48,4.54894,4.30779,11742,1118,272576
322,2003,49,5.39906,4.8303,18948,1189,392274
323,2003,50,7.38735,6.42905,24962,1173,388269
324,2003,51,7.48097,6.86734,23699,1148,345097
325,2003,52,7.62797,7.06496,16415,1122,232344
326,2003,53,5.14051,4.55115,11332,1139,248992
327,2004,1,2.89129,2.41833,7602,1160,314349
328,2004,2,2.10429,1.80906,5583,1141,308614
329,2004,3,1.88696,1.71202,4961,1084,289774
330,2004,4,1.7766,1.5425,4436,1071,287586
331,2004,5,1.46001,1.43787,4251,1054,295646
332,2004,6,1.37787,1.32427,3824,986,288762
333,2004,7,1.30532,1.30726,3691,1004,282347
334,2004,8,1.08691,1.03698,2916,948,281202
335,2004,9,0.991888,1.01032,2744,894,271597
336,2004,10,1.02765,1.05249,2708,897,257294
337,2004,11,1.0579,1.02009,2487,849,243802
338,2004,12,0.849361,0.924419,2300,859,248805
339,2004,13,0.747127,0.790645,1858,828,234998
340,2004,14,0.661708,0.80261,1705,774,212432
341,2004,15,0.679514,0.83613,1749,755,209178
342,2004,16,0.633071,0.792436,1615,679,203802
343,2004,17,0.569894,0.683588,1331,658,194708
344,2004,18,0.591357,0.757452,1394,629,184038
345,2004,19,0.589044,0.788585,1327,599,168276
346,2004,20,0.67864,0.812171,1262,553,155386
347,2004,21,0.637558,0.804463,1070,463,133008
348,2004,22,0.813309,0.877701,1061,452,120884
349,2004,23,0.834551,0.741453,987,443,133117
350,2004,24,0.616174,0.661022,851,426,128740
351,2004,25,0.513286,0.715109,887,423,124037
352,2004,26,0.351881,0.562241,698,408,124146
353,2004,27,0.542621,0.786808,710,381,90238
354,2004,28,0.581036,0.860658,836,378,97135
355,2004,29,0.495486,0.689944,659,370,95515
356,2004,30,0.61209,0.779691,719,363,92216
357,2004,31,0.531491,0.628144,733,345,116693
358,2004,32,0.519987,0.902459,809,334,89644
359,2004,33,0.574476,0.806443,770,335,95481
360,2004,34,0.663175,0.874888,799,333,91326
361,2004,35,0.614691,0.993213,960,326,96656
362,2004,36,0.656823,0.876141,913,337,104207
363,2004,37,0.723016,0.948092,1122,341,118343
364,2004,38,0.691857,0.926943,1089,336,117483
365,2004,39,0.782758,0.971643,1116,364,114857
366,2004,40,0.982275,0.897159,3171,1176,353449
367,2004,41,1.01821,1.02248,3631,1187,355116
368,2004,42,1.1768,1.06296,4019,1267,378094
369,2004,43,1.30121,1.14696,4369,1293,380921
370,2004,44,1.27746,1.20495,4551,1302,377692
371,2004,45,1.40387,1.30517,4969,1344,380718
372,2004,46,1.40301,1.28699,4983,1336,387182
373,2004,47,1.73975,1.59468,4713,1341,295546
374,2004,48,1.56894,1.39714,5407,1369,387004
375,2004,49,1.65927,1.44996,5428,1346,374356
376,2004,50,1.81341,1.61745,5755,1379,355806
377,2004,51,2.37626,2.19112,5689,1288,259639
378,2004,52,2.77052,2.56649,7279,1332,283617
379,2005,1,2.40064,2.17645,8041,1383,369455
380,2005,2,2.54155,2.20171,8323,1342,378024
381,2005,3,2.85871,2.53012,9328,1348,368678
382,2005,4,3.55011,3.06524,12422,1334,405254
383,2005,5,4.58591,3.98061,16192,1303,406772
384,2005,6,5.05809,4.59568,19369,1324,421461
385,2005,7,5.44151,4.75197,19931,1330,419426
386,2005,8,4.4729,4.17962,16630,1280,397883
387,2005,9,3.6752,3.45359,13234,1268,383196
388,2005,10,3.3353,3.15852,11601,1227,367292
389,2005,11,2.76224,2.6732,9502,1185,355454
390,2005,12,2.46844,2.35161,7900,1148,335940
391,2005,13,2.00081,1.89243,6329,1103,334438
392,2005,14,1.54319,1.5249,4816,1048,315823
393,2005,15,1.50195,1.41134,4445,1000,314948
394,2005,16,1.22918,1.25068,3825,978,305833
395,2005,17,1.21854,1.20702,3646,971,302065
396,2005,18,1.15832,1.07895,2990,923,277120
397,2005,19,1.249,1.14521,3012,878,263009
398,2005,20,1.16888,1.06124,2531,825,238494
399,2005,21,1.07888,1.0568,2056,687,194550
400,2005,22,1.23059,1.25193,2099,637,167661
401,2005,23,1.14747,1.01419,1744,603,171960
402,2005,24,1.00254,1.04197,1614,582,154899
403,2005,25,0.957569,0.954027,1628,587,170645
404,2005,26,0.894837,0.84823,1359,550,160216
405,2005,27,0.798205,0.841872,1198,533,142302
406,2005,28,0.757812,0.730894,1148,524,157068
407,2005,29,0.825963,0.713432,1068,507,149699
408,2005,30,0.744927,0.670677,990,492,147612
409,2005,31,0.787049,0.689278,982,488,142468
410,2005,32,0.684724,0.704929,1023,479,145121
411,2005,33,0.747361,0.615903,928,480,150673
412,2005,34,0.673974,0.609426,922,428,151290
413,2005,35,0.869662,0.680259,1033,420,151854
414,2005,36,0.899529,0.775488,1061,416,136817
415,2005,37,0.854635,0.683421,1026,408,150127
416,2005,38,1.01123,0.781075,1219,419,156067
417,2005,39,0.977808,0.806943,1204,447,149205
418,2005,40,1.17778,1.07635,3586,1113,333164
419,2005,41,1.21947,1.05869,3582,1160,338343
420,2005,42,1.3069,1.11523,4122,1216,369609
421,2005,43,1.33931,1.12381,4248,1237,377999
422,2005,44,1.58374,1.25489,5005,1280,398840
423,2005,45,1.47072,1.33661,5038,1272,376924
424,2005,46,1.6112,1.37864,5276,1277,382697
425,2005,47,1.82699,1.60829,4802,1301,298578
426,2005,48,1.77482,1.48311,5966,1325,402264
427,2005,49,1.94451,1.65374,6371,1328,385248
428,2005,50,2.35512,2.00679,7697,1318,383548
429,2005,51,3.10878,2.56857,8577,1287,333921
430,2005,52,3.28238,3.05278,8842,1273,289638
431,2006,1,2.62914,2.42504,8339,1319,343871
432,2006,2,2.2515,2.00195,7882,1339,393716
433,2006,3,2.35858,2.05869,7858,1297,381699
434,2006,4,2.41881,2.21277,9114,1331,411882
435,2006,5,2.52752,2.3222,9551,1320,411291
436,2006,6,2.64954,2.49279,10427,1311,418286
437,2006,7,3.12935,2.79489,11226,1288,401661
438,2006,8,3.12442,2.96911,11901,1288,400827
439,2006,9,3.13099,2.83959,11343,1275,399459
440,2006,10,3.08261,2.77799,11261,1257,405365
441,2006,11,2.64431,2.47287,9322,1241,376971
442,2006,12,2.42295,2.18061,8064,1217,369804
443,2006,13,2.31141,2.0168,7313,1165,362605
444,2006,14,1.86383,1.64101,5738,1133,349662
445,2006,15,1.44943,1.35829,4547,1087,334760
446,2006,16,1.30227,1.1428,3550,1045,310641
447,2006,17,1.13459,1.04031,3177,1017,305389
448,2006,18,1.06255,0.964347,2780,958,288278
449,2006,19,1.03428,0.937982,2592,919,276338
450,2006,20,1.01791,0.947449,2428,877,256267
451,2006,21,0.918151,0.891918,2061,783,231075
452,2006,22,0.93099,0.864643,1645,649,190252
453,2006,23,0.857294,0.97032,2075,635,213847
454,2006,24,0.786294,0.84439,1430,615,169353
455,2006,25,0.719426,0.77487,1300,610,167770
456,2006,26,0.718868,0.821372,1271,572,154741
457,2006,27,0.774807,0.872745,1215,565,139216
458,2006,28,0.76598,0.922635,1617,577,175259
459,2006,29,0.642809,0.899487,1553,564,172654
460,2006,30,0.622033,0.843082,1455,564,172581
461,2006,31,0.616326,0.881824,1428,551,161937
462,2006,32,0.685694,0.817145,1373,547,168024
463,2006,33,0.622697,0.8715,1457,536,167183
464,2006,34,0.611817,0.738621,1138,503,154071
465,2006,35,0.638831,0.797966,1224,488,153390
466,2006,36,0.806627,1.01394,1463,491,144289
467,2006,37,0.762448,0.880936,1406,487,159603
468,2006,38,0.813406,0.943366,1487,455,157627
469,2006,39,0.807934,0.891546,1433,469,160732
470,2006,40,1.15384,1.20322,4513,1323,375076
471,2006,41,1.14819,1.05788,4072,1361,384920
472,2006,42,1.22736,1.13054,4737,1425,419005
473,2006,43,1.21744,1.12552,4888,1445,434287
474,2006,44,1.32813,1.20808,5380,1473,445334
475,2006,45,1.47754,1.34952,6139,1497,454901
476,2006,46,1.5339,1.4689,6668,1474,453945
477,2006,47,1.91269,1.82767,6156,1488,336822
478,2006,48,1.838,1.6656,7530,1486,452089
479,2006,49,1.95376,1.85968,8122,1493,436741
480,2006,50,2.40407,2.38891,10396,1492,435177
481,2006,51,2.87453,2.78978,10192,1435,365334
482,2006,52,3.02597,3.11549,8913,1359,286087
483,2007,1,2.37817,2.26942,8386,1490,369521
484,2007,2,2.09232,1.86355,7761,1467,416464
485,2007,3,2.29396,1.99986,7909,1470,395477
486,2007,4,2.74501,2.4406,10888,1495,446119
487,2007,5,3.04434,2.83018,12120,1472,428241
488,2007,6,3.49999,3.12343,14197,1484,454533
489,2007,7,3.57851,3.27019,14031,1461,429057
490,2007,8,3.28979,3.17757,14048,1460,442099
491,2007,9,2.89149,2.72364,11801,1428,433281
492,2007,10,2.62075,2.50201,10715,1408,428255
493,2007,11,2.53387,2.4272,9597,1361,395394
494,2007,12,2.07251,1.96041,7562,1333,385735
495,2007,13,1.87084,1.5914,6148,1303,386327
496,2007,14,1.40042,1.36978,4958,1284,361955
497,2007,15,1.46887,1.36317,4869,1240,357183
498,2007,16,1.15514,1.1737,4179,1206,356055
499,2007,17,1.07901,1.06358,3695,1152,347413
500,2007,18,0.98492,0.969711,3077,1119,317311
501,2007,19,1.03325,0.965362,2860,1057,296262
502,2007,20,0.926649,0.856749,2442,1025,285031
503,2007,21,0.9201,0.863346,2243,925,259803
504,2007,22,0.954094,0.93537,2058,831,220020
505,2007,23,0.763278,0.745569,1679,796,225197
506,2007,24,0.81722,0.740428,1614,771,217982
507,2007,25,0.764586,0.672897,1456,749,216378
508,2007,26,0.793127,0.666282,1455,742,218376
509,2007,27,0.66909,0.662747,1169,711,176387
510,2007,28,0.62115,0.545619,1086,697,199040
511,2007,29,0.603659,0.586231,1211,698,206574
512,2007,30,0.649058,0.660687,1356,691,205241
513,2007,31,0.568338,0.534093,1037,677,194161
514,2007,32,0.651546,0.585549,1172,667,200154
515,2007,33,0.652176,0.618075,1283,666,207580
516,2007,34,0.803849,0.687465,1448,671,210629
517,2007,35,0.787458,0.715696,1526,652,213219
518,2007,36,0.943263,0.829313,1554,641,187384
519,2007,37,0.946932,0.800912,1694,638,211509
520,2007,38,0.987146,0.918484,1913,632,208278
521,2007,39,1.05206,0.814259,2228,703,273623
522,2007,40,0.995184,1.07197,5641,1373,526227
523,2007,41,1.22003,1.21786,6444,1429,529126
524,2007,42,1.28548,1.24576,6941,1449,557172
525,2007,43,1.3775,1.35984,7434,1477,546680
526,2007,44,1.46725,1.44671,7915,1485,547104
527,2007,45,1.55841,1.53286,8687,1539,566717
528,2007,46,1.61958,1.66653,9104,1516,546284
529,2007,47,1.8112,1.97488,8570,1523,433951
530,2007,48,1.61865,1.67305,9171,1513,548159
531,2007,49,1.62124,1.63405,8436,1487,516263
532,2007,50,1.67351,1.74595,8091,1453,463416
533,2007,51,1.95096,1.93643,8750,1420,451862
534,2007,52,2.50019,2.48905,8902,1426,357646
535,2008,1,2.43939,2.25405,9706,1486,430603
536,2008,2,2.29319,2.09147,11115,1509,531444
537,2008,3,2.62907,2.35934,12197,1511,516966
538,2008,4,3.92966,3.32331,17171,1508,516683
539,2008,5,4.99202,4.43381,24812,1514,559609
540,2008,6,5.7776,5.34547,31896,1526,596692
541,2008,7,5.98318,5.42258,31625,1518,583210
542,2008,8,5.61677,5.30303,30245,1497,570334
543,2008,9,4.53234,4.24456,25027,1453,589626
544,2008,10,3.83249,3.628,20254,1445,558269
545,2008,11,3.21522,3.03463,16714,1412,550776
546,2008,12,2.69245,2.53595,13040,1395,514205
547,2008,13,2.03366,2.0573,10376,1379,504350
548,2008,14,1.65275,1.7415,8583,1327,492850
549,2008,15,1.3113,1.40652,7045,1318,500881
550,2008,16,1.1652,1.26861,6079,1288,479187
551,2008,17,1.02035,1.07719,4953,1208,459808
552,2008,18,0.877607,0.993445,4224,1147,425187
553,2008,19,0.825107,0.911212,4011,1098,440183
554,2008,20,0.787315,0.972109,3904,1074,401601
555,2008,21,0.805439,0.993258,3646,945,367075
556,2008,22,0.886061,1.09132,3803,869,348477
557,2008,23,0.743743,0.888446,2933,789,330127
558,2008,24,0.706842,0.887691,2906,764,327366
559,2008,25,0.655943,0.883187,2842,755,321789
560,2008,26,0.633492,0.826756,2534,730,306499
561,2008,27,0.571837,0.783201,2405,713,307073
562,2008,28,0.558278,0.78061,2431,710,311423
563,2008,29,0.597893,0.769073,2319,696,301532
564,2008,30,0.577222,0.721298,2166,694,300292
565,2008,31,0.596987,0.752527,2289,676,304175
566,2008,32,0.564653,0.752721,2220,668,294930
567,2008,33,0.585682,0.792766,2368,657,298701
568,2008,34,0.503985,0.743896,2237,657,300714
569,2008,35,0.468139,0.814166,2429,636,298342
570,2008,36,0.576455,0.838401,2461,666,293535
571,2008,37,0.681361,0.851124,2788,685,327567
572,2008,38,0.794764,1.10976,3735,679,336560
573,2008,39,0.868116,1.03114,3400,716,329731
574,2008,40,1.06828,1.02284,5687,1435,555999
575,2008,41,1.00756,1.03017,5959,1500,578446
576,2008,42,0.979399,1.01245,5896,1525,582351
577,2008,43,1.04943,1.08359,6485,1527,598473
578,2008,44,1.13218,1.16578,6987,1545,599343
579,2008,45,1.13156,1.1913,7297,1555,612526
580,2008,46,1.15469,1.28075,7667,1555,598635
581,2008,47,1.20448,1.27053,7733,1563,608646
582,2008,48,1.36081,1.59578,7634,1523,478386
583,2008,49,1.30322,1.4585,8708,1551,597052
584,2008,50,1.30204,1.49921,8689,1543,579573
585,2008,51,1.45109,1.62982,7812,1416,479318
586,2008,52,1.79927,2.15561,8706,1484,403876
587,2008,53,2.12134,2.02053,8603,1490,425780
588,2009,1,1.47138,1.54566,8956,1539,579428
589,2009,2,1.61555,1.64224,9289,1512,565631
590,2009,3,1.95333,1.96524,11456,1566,582932
591,2009,4,2.42907,2.34368,14324,1554,611176
592,2009,5,2.96686,2.86057,18268,1580,638613
593,2009,6,3.57354,3.3421,21667,1569,648304
594,2009,7,3.36653,3.20566,20022,1543,624583
595,2009,8,3.2962,3.10049,20450,1544,659573
596,2009,9,3.17227,2.95819,18441,1534,623389
597,2009,10,2.5804,2.46381,15711,1524,637672
598,2009,11,2.42922,2.19272,13277,1494,605503
599,2009,12,1.99028,1.87395,11400,1470,608342
600,2009,13,1.72423,1.64817,9669,1440,586651
601,2009,14,1.60355,1.49878,8460,1422,564460
602,2009,15,1.28418,1.29233,7222,1415,558837
603,2009,16,1.2932,1.27164,7348,1445,577836
604,2009,17,2.74012,2.98159,18627,1405,624734
605,2009,18,2.22391,2.43702,14578,1422,598189
606,2009,19,1.76657,2.2813,12554,1372,550300
607,2009,20,1.92171,3.81572,20774,1331,544432
608,2009,21,1.8611,4.21315,22394,1314,531526
609,2009,22,1.68423,3.17832,17105,1305,538177
610,2009,23,1.7393,2.50972,12392,1296,493761
611,2009,24,1.83001,2.06632,10780,1280,521701
612,2009,25,1.58128,1.71805,8801,1279,512268
613,2009,26,1.49172,1.55965,7422,1237,475877
614,2009,27,1.389,1.30856,6290,1246,480680
615,2009,28,1.34702,1.18695,5964,1248,502466
616,2009,29,1.16056,1.13796,5735,1248,503971
617,2009,30,1.2085,1.15005,5587,1254,485804
618,2009,31,1.15544,1.11262,5526,1230,496666
619,2009,32,1.14518,1.16142,5877,1234,506019
620,2009,33,1.4664,1.64107,8941,1286,544827
621,2009,34,2.38017,2.47166,14556,1320,588916
622,2009,35,3.44681,3.71969,21350,1358,573972
623,2009,36,4.05315,3.94975,22561,1367,571201
624,2009,37,4.26621,4.08756,26091,1380,638302
625,2009,38,4.21579,4.01897,24454,1313,608464
626,2009,39,4.8861,4.60362,27919,1331,606458
627,2009,40,6.06923,5.66087,48420,2056,855346
628,2009,41,7.09467,6.81522,58196,2134,853912
629,2009,42,7.7151,7.61889,69068,2162,906536
630,2009,43,7.55134,7.38836,66411,2167,898860
631,2009,44,6.67118,6.33927,57017,2197,899425
632,2009,45,5.20633,4.94349,42729,2191,864348
633,2009,46,4.04477,3.80996,32520,2157,853552
634,2009,47,3.49722,3.44106,22508,2146,654101
635,2009,48,2.69023,2.66773,21730,2122,814550
636,2009,49,2.47119,2.47183,19325,2093,781811
637,2009,50,2.44773,2.345,17081,2014,728401
638,2009,51,2.64594,2.71435,14575,1934,536961
639,2009,52,2.61567,2.67667,15613,1937,583299
640,2010,1,1.90712,1.98284,14299,1996,721138
641,2010,2,1.86738,1.82749,14088,2016,770895
642,2010,3,1.88072,1.92606,14757,2053,766177
643,2010,4,1.96908,1.92495,15122,2026,785580
644,2010,5,2.11387,2.08877,16037,1996,767773
645,2010,6,2.09695,2.03434,15381,1977,756068
646,2010,7,1.90294,1.97649,15065,1954,762208
647,2010,8,1.96951,1.99362,16087,1990,806925
648,2010,9,1.92331,1.85383,14486,1953,781411
649,2010,10,1.89659,1.8673,14354,1946,768702
650,2010,11,1.75181,1.69987,12601,1933,741293
651,2010,12,1.52632,1.49741,11191,1917,747358
652,2010,13,1.49572,1.45112,10359,1875,713863
653,2010,14,1.22313,1.20715,8813,1850,730068
654,2010,15,1.17754,1.17415,8801,1831,749563
655,2010,16,1.09112,1.16207,8362,1765,719580
656,2010,17,1.11958,1.17213,8440,1755,720054
657,2010,18,1.08169,1.12168,7914,1710,705551
658,2010,19,1.12497,1.14981,7697,1664,669414
659,2010,20,1.06197,1.13328,7603,1624,670887
660,2010,21,1.08909,1.08171,6853,1497,633532
661,2010,22,1.1776,1.19959,6595,1421,549773
662,2010,23,0.97493,0.952808,5755,1435,604004
663,2010,24,0.987132,0.916032,5316,1405,580329
664,2010,25,0.995991,0.926582,5334,1384,575664
665,2010,26,0.904726,0.86962,4718,1347,542536
666,2010,27,0.941927,0.903133,4691,1353,519414
667,2010,28,0.880415,0.773776,4234,1284,547187
668,2010,29,0.842615,0.742774,3950,1265,531790
669,2010,30,0.858382,0.730934,3850,1250,526723
670,2010,31,0.83383,0.786882,4077,1241,518121
671,2010,32,0.847437,0.763051,4008,1212,525260
672,2010,33,0.888273,0.841043,4518,1225,537190
673,2010,34,0.765372,0.791573,4420,1235,558382
674,2010,35,0.91858,0.912732,5007,1170,548573
675,2010,36,1.01432,1.03398,5493,1198,531250
676,2010,37,1.01233,0.934009,5510,1210,589930
677,2010,38,1.11803,1.08189,6741,1206,623077
678,2010,39,1.11806,1.06563,6387,1254,599366
679,2010,40,1.10939,1.13505,8473,1838,746485
680,2010,41,1.24341,1.25256,9347,1875,746230
681,2010,42,1.25726,1.2457,9684,1907,777397
682,2010,43,1.25734,1.26774,9904,1929,781234
683,2010,44,1.43414,1.43723,11020,1947,766753
684,2010,45,1.51838,1.53341,11807,1940,769982
685,2010,46,1.61617,1.69445,13336,1921,787038
686,2010,47,1.84378,1.9915,12079,1938,606527
687,2010,48,1.72535,1.81305,13997,1964,772016
688,2010,49,1.87923,2.01426,14958,1936,742606
689,2010,50,2.3371,2.55659,18022,1916,704923
690,2010,51,3.03533,3.38185,19899,1840,588406
691,2010,52,3.136,3.43172,20346,1887,592880
692,2011,1,2.53336,2.69151,20026,1923,744043
693,2011,2,2.91288,2.91063,20721,1921,711908
694,2011,3,3.44497,3.49232,26257,1964,751850
695,2011,4,4.16185,4.0037,31975,1947,798637
696,2011,5,4.55159,4.43534,34284,1970,772974
697,2011,6,4.46504,4.24215,34456,1961,812230
698,2011,7,4.55124,4.39719,36567,1910,831600
699,2011,8,4.0822,3.90256,31277,1908,801449
700,2011,9,3.38812,3.15073,24627,1860,781629
701,2011,10,2.99142,2.72422,20377,1829,747993
702,2011,11,2.61542,2.33336,17309,1823,741807
703,2011,12,2.09065,1.925,14031,1790,728883
704,2011,13,1.86146,1.75243,12957,1770,739375
705,2011,14,1.61377,1.57704,11498,1723,729089
706,2011,15,1.42199,1.35766,9391,1681,691707
707,2011,16,1.3382,1.31223,8695,1651,662612
708,2011,17,1.19995,1.14937,7830,1612,681240
709,2011,18,1.14889,1.11451,7307,1585,655627
710,2011,19,1.12194,1.10984,7236,1556,651983
711,2011,20,1.06712,1.0524,6530,1516,620485
712,2011,21,1.05058,1.03536,6072,1381,586460
713,2011,22,1.15203,1.11777,5946,1357,531954
714,2011,23,0.970975,0.982949,5547,1296,564322
715,2011,24,0.894683,0.925194,4989,1279,539238
716,2011,25,0.843568,0.835531,4448,1251,532356
717,2011,26,0.815409,0.832393,4218,1225,506732
718,2011,27,0.823052,0.855591,4009,1211,468565
719,2011,28,0.674635,0.706949,3721,1220,526346
720,2011,29,0.631883,0.694387,3597,1203,518011
721,2011,30,0.641513,0.687976,3538,1179,514262
722,2011,31,0.529813,0.644743,3202,1175,496632
723,2011,32,0.644089,0.67533,3523,1175,521671
724,2011,33,0.667718,0.72823,3874,1191,531975
725,2011,34,0.705668,0.806526,4444,1195,551005
726,2011,35,0.804155,0.860408,4717,1200,548228
727,2011,36,0.907804,0.936075,4813,1184,514168
728,2011,37,1.00555,0.966683,5567,1196,575887
729,2011,38,1.03601,0.996007,5822,1201,584534
730,2011,39,1.07583,1.10846,6708,1213,605162
731,2011,40,1.16092,1.20345,9365,1850,778182
732,2011,41,1.19785,1.23777,9803,1883,791987
733,2011,42,1.27926,1.25259,9958,1905,794995
734,2011,43,1.29194,1.30546,10298,1900,788840
735,2011,44,1.42824,1.45295,11396,1925,784334
736,2011,45,1.39803,1.44089,11496,1946,797839
737,2011,46,1.45831,1.46221,11721,1900,801594
738,2011,47,1.56548,1.65573,10377,1918,626731
739,2011,48,1.34313,1.46606,11479,1904,782984
740,2011,49,1.48139,1.51811,11187,1898,736905
741,2011,50,1.63398,1.66429,12137,1872,729258
742,2011,51,1.83126,1.85274,11958,1851,645424
743,2011,52,2.10451,2.12413,12356,1821,581697
744,2012,1,1.73625,1.76709,11992,1891,678631
745,2012,2,1.55066,1.5434,11543,1883,747894
746,2012,3,1.62891,1.64762,11939,1887,724623
747,2012,4,1.76038,1.6843,13209,1891,784244
748,2012,5,1.92728,1.86354,14448,1885,775298
749,2012,6,1.91994,1.86408,14624,1875,784516
750,2012,7,2.09951,2.01839,15929,1884,789193
751,2012,8,2.23973,2.10385,16137,1853,767022
752,2012,9,2.21921,2.09555,16518,1826,788242
753,2012,10,2.16693,2.10398,15763,1816,749198
754,2012,11,2.38913,2.2941,17150,1819,747570
755,2012,12,1.96466,1.92223,14524,1780,755579
756,2012,13,1.84229,1.74239,13017,1753,747079
757,2012,14,1.68674,1.67601,11930,1729,711808
758,2012,15,1.53136,1.49637,10732,1707,717202
759,2012,16,1.37912,1.38202,10123,1699,732480
760,2012,17,1.29515,1.28926,9370,1675,726772
761,2012,18,1.39521,1.35803,8999,1564,662649
762,2012,19,1.32522,1.30833,8576,1546,655492
763,2012,20,1.23059,1.26692,8062,1503,636347
764,2012,21,1.23028,1.27731,7878,1415,616765
765,2012,22,1.26877,1.2991,7153,1409,550614
766,2012,23,1.10782,1.16297,6765,1365,581700
767,2012,24,1.09559,1.08612,6133,1289,564670
768,2012,25,1.11031,1.0568,6048,1295,572296
769,2012,26,1.10616,1.07871,5786,1260,536380
770,2012,27,1.10816,1.04662,5291,1271,505533
771,2012,28,0.999444,0.928152,5185,1240,558637
772,2012,29,0.924199,0.901936,4931,1223,546713
773,2012,30,0.949257,0.915356,5103,1250,557488
774,2012,31,0.978903,0.952548,5159,1240,541600
775,2012,32,0.925024,0.916661,5026,1248,548294
776,2012,33,0.848456,0.901787,5051,1238,560110
777,2012,34,1.04451,1.03315,6141,1238,594395
778,2012,35,1.0986,1.05238,6318,1238,600354
779,2012,36,1.22071,1.12713,6296,1242,558585
780,2012,37,1.24976,1.1866,7382,1252,622114
781,2012,38,1.22892,1.21415,7656,1268,630563
782,2012,39,1.29393,1.25198,7807,1248,623572
783,2012,40,1.23034,1.20559,9395,1932,779285
784,2012,41,1.3278,1.31929,10158,1940,769959
785,2012,42,1.33995,1.32737,10585,1968,797444
786,2012,43,1.37842,1.36688,10913,1958,798388
787,2012,44,1.50085,1.50535,11061,1929,734781
788,2012,45,1.65163,1.61273,12674,1974,785871
789,2012,46,1.76746,1.75208,13623,1966,777534
790,2012,47,2.30609,2.33365,14650,1968,627772
791,2012,48,2.16324,2.2268,18521,2006,831730
792,2012,49,2.83038,2.97657,24877,2006,835762
793,2012,50,3.43761,3.62552,29432,1977,811800
794,2012,51,4.30554,4.5532,34332,1908,754019
795,2012,52,6.06082,6.02598,36588,1905,607171
796,2013,1,4.64931,4.96368,34103,1982,687051
797,2013,2,4.32584,4.69072,39896,1995,850531
798,2013,3,4.51113,4.70473,39441,2008,838326
799,2013,4,4.2171,4.1646,32426,1978,778610
800,2013,5,3.78956,3.69533,29808,1963,806640
801,2013,6,3.29206,3.2363,24987,1931,772086
802,2013,7,3.0197,2.89421,22321,1926,771229
803,2013,8,2.71499,2.71742,20519,1940,755092
804,2013,9,2.4845,2.52297,19231,1893,762238
805,2013,10,2.57808,2.55227,18829,1884,737736
806,2013,11,2.39237,2.43225,17392,1846,715059
807,2013,12,2.06778,2.10851,15254,1825,723449
808,2013,13,1.90281,1.94725,13714,1811,704276
809,2013,14,1.65902,1.74859,12273,1769,701881
810,2013,15,1.43006,1.49713,10818,1742,722583
811,2013,16,1.27757,1.32313,9188,1732,694415
812,2013,17,1.19009,1.22647,8589,1711,700300
813,2013,18,1.09556,1.19614,7986,1675,667648
814,2013,19,1.08589,1.19049,7704,1630,647130
815,2013,20,1.07343,1.17426,7317,1582,623114
816,2013,21,1.01677,1.13342,6589,1489,581338
817,2013,22,1.04847,1.14306,6190,1486,541528
818,2013,23,0.920349,1.00881,5638,1421,558875
819,2013,24,0.920779,1.02358,5539,1419,541138
820,2013,25,0.904333,1.00138,5474,1405,546643
821,2013,26,0.83057,0.909498,4915,1389,540408
822,2013,27,0.862837,0.950042,4506,1357,474295
823,2013,28,0.732182,0.829299,4510,1362,543833
824,2013,29,0.724558,0.802109,4186,1341,521874
825,2013,30,0.740848,0.806333,4233,1325,524969
826,2013,31,0.726037,0.796937,3886,1290,487617
827,2013,32,0.755639,0.779136,4075,1299,523015
828,2013,33,0.761847,0.797653,4168,1276,522533
829,2013,34,0.779896,0.825485,4317,1265,522965
830,2013,35,0.899138,0.935469,5053,1260,540157
831,2013,36,0.999524,1.04345,5626,1317,539175
832,2013,37,1.0558,1.09107,6374,1307,584196
833,2013,38,1.0967,1.20108,7110,1290,591969
834,2013,39,1.24709,1.26179,7963,1364,631088
835,2013,40,1.15746,1.13249,9677,1960,854487
836,2013,41,1.27184,1.21121,10420,1990,860298
837,2013,42,1.31623,1.25682,10658,2018,848016
838,2013,43,1.37444,1.37097,12036,2027,877917
839,2013,44,1.46781,1.42956,12502,2028,874537
840,2013,45,1.5834,1.53588,13498,2017,878845
841,2013,46,1.60253,1.60267,13927,2054,868987
842,2013,47,1.72344,1.73267,15168,2012,875411
843,2013,48,2.11076,2.09858,13975,2042,665926
844,2013,49,2.1708,2.21374,18920,2055,854664
845,2013,50,2.36971,2.41674,19398,2054,802651
846,2013,51,3.15997,3.03071,24697,2009,814891
847,2013,52,4.59053,4.38724,26988,2007,615148
848,2014,1,4.28195,4.2112,28654,2033,680424
849,2014,2,3.56288,3.46492,28147,2059,812343
850,2014,3,3.36378,3.31698,28370,2049,855297
851,2014,4,3.39659,3.2407,25502,2062,786928
852,2014,5,3.11922,2.88598,23484,2051,813726
853,2014,6,2.83572,2.62172,21085,2051,804244
854,2014,7,2.48484,2.34067,18195,2018,777340
855,2014,8,2.2741,2.12059,17234,2025,812700
856,2014,9,2.07244,1.91094,15914,1978,832786
857,2014,10,1.98207,1.9023,15044,1944,790831
858,2014,11,1.82441,1.76619,14024,1904,794024
859,2014,12,1.82036,1.85791,14926,1922,803374
860,2014,13,1.75391,1.82094,14661,1887,805133
861,2014,14,1.74542,1.83453,14637,1866,797863
862,2014,15,1.67236,1.75446,14206,1845,809707
863,2014,16,1.51659,1.51636,11723,1810,773101
864,2014,17,1.44778,1.40334,10814,1771,770592
865,2014,18,1.29028,1.2593,9648,1746,766139
866,2014,19,1.37388,1.32482,9775,1714,737834
867,2014,20,1.34208,1.27576,9033,1660,708049
868,2014,21,1.34563,1.29483,8797,1570,679395
869,2014,22,1.21291,1.2261,7658,1554,624582
870,2014,23,1.19291,1.14538,7229,1461,631143
871,2014,24,1.14146,1.0678,6783,1461,635233
872,2014,25,1.06503,1.07269,6369,1392,593740
873,2014,26,1.12669,1.01298,6038,1411,596063
874,2014,27,0.947353,0.994705,5352,1388,538049
875,2014,28,0.944187,0.880862,5295,1394,601116
876,2014,29,0.934822,0.858173,5083,1376,592305
877,2014,30,0.81736,0.805152,4765,1372,591814
878,2014,31,0.852792,0.818781,4942,1378,603580
879,2014,32,0.746994,0.783735,4744,1382,605307
880,2014,33,0.761098,0.848703,4980,1369,586778
881,2014,34,0.767627,0.834146,5305,1371,635980
882,2014,35,0.862176,0.905981,5799,1353,640080
883,2014,36,0.984907,1.04506,6050,1352,578913
884,2014,37,1.16287,1.16816,8130,1401,695966
885,2014,38,1.22731,1.27649,8888,1405,696282
886,2014,39,1.2071,1.29758,8874,1407,683887
887,2014,40,1.16191,1.20612,10150,1937,841540
888,2014,41,1.30905,1.32485,10977,1960,828544
889,2014,42,1.37072,1.41192,11941,2000,845727
890,2014,43,1.43373,1.42547,12292,2008,862314
891,2014,44,1.42791,1.43909,12313,2053,855608
892,2014,45,1.61605,1.61532,13853,2058,857601
893,2014,46,1.65976,1.66473,14062,1997,844700
894,2014,47,2.05459,2.0058,16674,2058,831289
895,2014,48,2.53541,2.62227,17602,2067,671251
896,2014,49,2.54253,2.60749,22905,2097,878430
897,2014,50,3.60563,3.4178,29172,2069,853532
898,2014,51,4.90976,4.46555,37382,2016,837119
899,2014,52,5.98221,6.11497,40533,1984,662849
900,2014,53,5.47421,5.30979,36891,1983,694773
901,2015,1,4.21374,4.07898,31483,1958,771835
902,2015,2,4.21022,3.93762,31204,1971,792459
903,2015,3,4.25968,4.15076,33221,1966,800359
904,2015,4,3.97761,3.87899,30621,1955,789407
905,2015,5,3.63443,3.45794,28151,1950,814097
906,2015,6,3.26527,3.06359,25218,1917,823153
907,2015,7,2.93083,2.82646,21109,1907,746836
908,2015,8,2.54474,2.3599,19178,1934,812660
909,2015,9,2.47227,2.33472,18441,1912,789858
910,2015,10,2.35665,2.21286,17833,1907,805881
911,2015,11,2.17008,2.07619,16695,1883,804117
912,2015,12,2.04297,2.01267,16122,1848,801027
913,2015,13,1.954,1.94192,14975,1819,771143
914,2015,14,1.72287,1.74809,13733,1820,785602
915,2015,15,1.53694,1.50367,12044,1813,800974
916,2015,16,1.38283,1.43494,10860,1768,756827
917,2015,17,1.46265,1.45673,11095,1753,761638
918,2015,18,1.38934,1.42836,10694,1735,748690
919,2015,19,1.3468,1.35297,9671,1688,714799
920,2015,20,1.25452,1.33093,9024,1622,678023
921,2015,21,1.21636,1.28422,7913,1579,616171
922,2015,22,1.16734,1.13889,6946,1505,609891
923,2015,23,1.04654,1.10343,6744,1455,611184
924,2015,24,0.943661,0.970748,5850,1459,602628
925,2015,25,0.935046,0.998681,5913,1445,592081
926,2015,26,0.934726,0.978057,5232,1417,534938
927,2015,27,0.864118,0.866431,5116,1428,590468
928,2015,28,0.806535,0.827757,4870,1411,588337
929,2015,29,0.742747,0.797572,4626,1401,580010
930,2015,30,0.737859,0.811221,4605,1352,567663
931,2015,31,0.743224,0.821165,4753,1364,578812
932,2015,32,0.805251,0.819435,4750,1340,579668
933,2015,33,0.816943,0.848041,5173,1356,609994
934,2015,34,0.814518,0.888524,5648,1362,635661
935,2015,35,0.86067,0.962826,5963,1354,619323
936,2015,36,0.886704,1.02252,5970,1349,583853
937,2015,37,1.00845,1.08392,7062,1369,651524
938,2015,38,1.06625,1.17724,7704,1367,654414
939,2015,39,1.05995,1.1716,7626,1332,650904
940,2015,40,1.22559,1.24325,10049,1963,808287
941,2015,41,1.31066,1.3234,10715,1976,809660
942,2015,42,1.3711,1.40399,11584,1995,825079
943,2015,43,1.39171,1.37629,11164,1999,811165
944,2015,44,1.43712,1.46866,12423,2048,845875
945,2015,45,1.50165,1.533,12676,2028,826877
946,2015,46,1.59805,1.60841,13484,2023,838344
947,2015,47,1.89668,1.90047,12158,2000,639738
948,2015,48,1.67728,1.73645,14617,2040,841777
949,2015,49,1.78296,1.81945,14986,2020,823657
950,2015,50,1.87336,1.96571,15396,2000,783227
951,2015,51,2.32148,2.42021,14839,1978,613128
952,2015,52,2.40991,2.41083,15679,1949,650356
953,2016,1,1.94328,1.98859,15654,2004,787192
954,2016,2,1.99796,1.98985,15517,2005,779809
955,2016,3,2.11829,2.1071,15661,2008,743249
956,2016,4,2.25112,2.19256,18143,2026,827482
957,2016,5,2.37116,2.30014,18944,2007,823602
958,2016,6,2.80035,2.67574,21774,2000,813755
959,2016,7,3.16475,3.02427,24681,1993,816098
960,2016,8,3.15183,3.11328,26423,1956,848718
961,2016,9,3.3321,3.32788,28468,1952,855439
962,2016,10,3.56024,3.5918,30481,1922,848628
963,2016,11,3.05479,3.09262,24894,1898,804948
964,2016,12,2.76732,2.78803,21940,1900,786936
965,2016,13,2.44161,2.52371,19603,1832,776752
966,2016,14,2.03348,2.12928,16769,1813,787543
967,2016,15,1.98593,2.05142,16261,1805,792672
968,2016,16,1.91514,1.98957,15437,1774,775895
969,2016,17,1.69968,1.7858,13836,1759,774777
970,2016,18,1.57635,1.60144,11870,1742,741210
971,2016,19,1.3935,1.4743,10707,1690,726244
972,2016,20,1.29941,1.42286,9798,1626,688612
973,2016,21,1.18379,1.38196,8787,1439,635835
974,2016,22,1.13723,1.33712,7997,1482,598077
975,2016,23,1.04118,1.13894,7201,1446,632252
976,2016,24,0.971814,1.09641,6768,1440,617287
977,2016,25,0.863306,0.999559,6024,1402,602666
978,2016,26,0.833797,0.99095,5686,1382,573793
979,2016,27,0.784516,0.931253,5118,1379,549582
980,2016,28,0.734327,0.843118,5078,1392,602288
981,2016,29,0.698845,0.840286,5044,1388,600272
982,2016,30,0.723099,0.830065,4925,1393,593327
983,2016,31,0.663501,0.790428,4596,1360,581457
984,2016,32,0.69276,0.830826,4868,1329,585923
985,2016,33,0.710029,0.856796,5265,1345,614499
986,2016,34,0.834232,1.00746,6260,1356,621362
987,2016,35,0.992621,1.05868,6504,1354,614349
988,2016,36,1.01605,1.10028,6623,1347,601938
989,2016,37,1.07169,1.1457,7639,1365,666755
990,2016,38,1.10163,1.2189,8229,1363,675119
991,2016,39,1.18841,1.31113,8505,1389,648678
992,2016,40,1.2019,1.27386,10864,1946,852842
993,2016,41,1.23108,1.29342,10997,1973,850228
994,2016,42,1.26796,1.33097,11926,1983,896035
995,2016,43,1.36298,1.42662,12648,2006,886570
996,2016,44,1.48535,1.57071,13790,1999,877947
997,2016,45,1.55954,1.65146,14258,1990,863356
998,2016,46,1.64783,1.73309,15160,2000,874739
999,2016,47,1.91275,2.03388,14208,2011,698566
1000,2016,48,1.81725,1.88331,16605,2001,881694
1001,2016,49,1.91433,2.00292,16961,2013,846813
1002,2016,50,2.21003,2.27731,18463,2000,810736
1003,2016,51,2.73568,2.91465,21565,1977,739882
1004,2016,52,3.36832,3.54919,24900,1928,701569
1005,2017,1,3.09689,3.08102,24178,2024,784740
1006,2017,2,3.07346,3.01875,24897,1997,824746
1007,2017,3,3.51643,3.40446,28781,2029,845391
1008,2017,4,3.8027,3.52869,31265,2021,886023
1009,2017,5,4.50313,4.10665,36517,2024,889216
1010,2017,6,5.06308,4.7551,42890,2027,901978
1011,2017,7,4.86009,4.65163,41035,1967,882163
1012,2017,8,4.57916,4.57049,40124,1987,877892
1013,2017,9,3.55674,3.45522,30183,1995,873547
1014,2017,10,3.50417,3.29505,28060,1971,851580
1015,2017,11,3.21511,3.16426,25484,1958,805370
1016,2017,12,3.10088,3.14433,27354,1940,869946
1017,2017,13,2.79056,2.87936,24342,1899,845397
1018,2017,14,2.38547,2.36977,19677,1906,830332
1019,2017,15,1.9703,1.93853,15548,1861,802052
1020,2017,16,1.73442,1.64064,13006,1845,792740
1021,2017,17,1.56303,1.4752,11924,1846,808298
1022,2017,18,1.4128,1.37755,10762,1795,781240
1023,2017,19,1.27492,1.33771,10202,1767,762648
1024,2017,20,1.2834,1.34686,9809,1746,728288
1025,2017,21,1.16663,1.26579,8564,1614,676574
1026,2017,22,1.10977,1.25701,7756,1569,617021
1027,2017,23,1.04333,1.16048,7510,1493,647145
1028,2017,24,0.905151,1.04834,6636,1470,633003
1029,2017,25,0.902718,0.992711,6240,1469,628582
1030,2017,26,0.859531,0.961603,5596,1422,581945
1031,2017,27,0.818998,0.955818,5326,1456,557219
1032,2017,28,0.752505,0.827597,4961,1405,599446
1033,2017,29,0.731146,0.811886,4747,1384,584688
1034,2017,30,0.733295,0.818527,4879,1377,596071
1035,2017,31,0.73102,0.829758,4899,1390,590413
1036,2017,32,0.68834,0.828503,4915,1386,593239
1037,2017,33,0.732049,0.885896,5230,1350,590363
1038,2017,34,0.911188,1.05351,6653,1379,631507
1039,2017,35,1.02105,1.11768,7133,1370,638196
1040,2017,36,1.09495,1.14028,7072,1384,620201
1041,2017,37,1.09475,1.13326,8304,1485,732755
1042,2017,38,1.09775,1.17589,8563,1484,728214
1043,2017,39,1.18882,1.23848,9079,1468,733077
1044,2017,40,1.26682,1.28278,12830,2205,1000168
1045,2017,41,1.30662,1.33419,13269,2233,994535
1046,2017,42,1.34866,1.41293,14319,2254,1013427
1047,2017,43,1.51871,1.57884,15826,2251,1002381
1048,2017,44,1.74793,1.70723,17068,2213,999750
1049,2017,45,1.87047,1.86372,18994,2278,1019146
1050,2017,46,2.06674,2.09726,21615,2281,1030631
1051,2017,47,2.28188,2.34372,19817,2264,845535
1052,2017,48,2.28528,2.24895,23755,2274,1056270
1053,2017,49,2.5848,2.49852,24979,2263,999753
1054,2017,50,3.36711,3.20443,31533,2255,984043
1055,2017,51,4.71836,4.4305,42664,2204,962961
1056,2017,52,5.72036,5.46448,44986,2122,823244
1057,2018,1,5.77543,5.37416,47282,2235,879802
1058,2018,2,5.9083,5.54335,56922,2251,1026852
1059,2018,3,6.49095,6.34203,62937,2277,992379
1060,2018,4,7.17799,7.04897,77468,2279,1098998
1061,2018,5,7.52851,7.79783,86095,2265,1104089
1062,2018,6,7.38424,7.78892,87646,2290,1125265
1063,2018,7,6.46068,6.83583,75987,2215,1111598
1064,2018,8,4.95341,5.17354,52961,2259,1023689
1065,2018,9,3.67274,3.55184,35932,2194,1011645
1066,2018,10,3.2037,3.01348,29109,2203,965961
1067,2018,11,2.78869,2.73862,25928,2188,946753
1068,2018,12,2.50234,2.48438,23785,2168,957380
1069,2018,13,2.41065,2.36593,20696,2131,874750
1070,2018,14,2.07542,2.03306,19067,2117,937849
1071,2018,15,1.78234,1.8062,16672,2076,923041
1072,2018,16,1.61608,1.58958,14892,2103,936850
1073,2018,17,1.53992,1.54077,14572,2079,945759
1074,2018,18,1.53115,1.45326,13273,2005,913326
1075,2018,19,1.29599,1.28242,11617,1922,905868
1076,2018,20,1.18904,1.2243,11067,1966,903948
1077,2018,21,1.24941,1.23385,10646,1883,862825
1078,2018,22,1.14134,1.22391,9608,1789,785022
1079,2018,23,0.988567,1.04866,8688,1783,828488
1080,2018,24,0.895433,0.979381,7570,1738,772937
1081,2018,25,0.892227,0.94819,7374,1759,777692
1082,2018,26,0.877636,0.867741,6932,1720,798856
1083,2018,27,0.77502,0.822957,6249,1764,759335
1084,2018,28,0.725956,0.772384,6502,1769,841809
1085,2018,29,0.68266,0.707466,5786,1732,817849
1086,2018,30,0.640527,0.686508,5496,1728,800573
1087,2018,31,0.64106,0.68859,5617,1708,815725
1088,2018,32,0.706465,0.736093,5864,1670,796639
1089,2018,33,0.708668,0.806323,6542,1705,811337
1090,2018,34,0.825743,0.954211,7309,1601,765973
1091,2018,35,0.864409,0.962249,8117,1661,843545
1092,2018,36,1.10114,1.14153,9536,1693,835370
1093,2018,37,1.15244,1.14726,10063,1689,877135
1094,2018,38,1.20257,1.31197,11190,1666,852916
1095,2018,39,1.25033,1.37701,11714,1694,850685
1096,2018,40,1.41846,1.42429,17839,2565,1252483
1097,2018,41,1.40418,1.48151,18561,2609,1252846
1098,2018,42,1.47401,1.59449,19930,2586,1249933
1099,2018,43,1.64257,1.72683,21616,2646,1251776
1100,2018,44,1.79275,1.84522,23154,2633,1254812
1101,2018,45,1.87043,1.93069,24073,2645,1246860
1102,2018,46,1.98387,2.09114,24347,2631,1164292
1103,2018,47,2.24169,2.41082,24612,2586,1020898
1104,2018,48,2.14883,2.25019,29080,2640,1292335
1105,2018,49,2.25531,2.30458,28356,2633,1230419
1106,2018,50,2.64571,2.73758,33098,2622,1209022
1107,2018,51,3.14075,3.24643,38236,2571,1177786
1108,2018,52,3.97127,4.19267,43904,2545,1047161
1109,2019,1,3.46125,3.63499,42094,2609,1158023
1110,2019,2,3.07707,3.14077,38752,2629,1233836
1111,2019,3,3.32915,3.36551,41109,2633,1221478
1112,2019,4,3.81999,3.89305,46113,2614,1184495
1113,2019,5,4.3419,4.5253,55187,2639,1219521
1114,2019,6,4.88288,5.21525,69442,2644,1331519
1115,2019,7,5.04211,5.43173,69978,2628,1288318
1116,2019,8,4.88596,5.2776,66345,2623,1257106
1117,2019,9,4.5499,4.59585,58735,2634,1278001
1118,2019,10,4.38001,4.40341,55348,2614,1256934
1119,2019,11,4.2288,4.13279,53133,2622,1285646
1120,2019,12,3.68449,3.56166,44786,2596,1257449
1121,2019,13,3.08744,3.05634,37844,2587,1238213
1122,2019,14,2.69971,2.68251,32905,2597,1226648
1123,2019,15,2.28549,2.26747,27803,2542,1226170
1124,2019,16,2.01443,1.96931,23122,2517,1174114
1125,2019,17,1.7141,1.72372,20583,2490,1194101
1126,2019,18,1.56927,1.57693,18848,2459,1195232
1127,2019,19,1.49991,1.46086,17096,2415,1170273
1128,2019,20,1.50211,1.50759,16349,2302,1084443
1129,2019,21,1.42357,1.40452,15747,2205,1121166
1130,2019,22,1.39457,1.40617,14770,2179,1050372
1131,2019,23,1.21776,1.23921,13433,2235,1083994
1132,2019,24,1.11351,1.10622,11618,2139,1050239
1133,2019,25,0.992293,1.01351,10678,2141,1053569
1134,2019,26,0.947072,0.959926,9986,2063,1040288
1135,2019,27,0.876088,0.873735,8549,2111,978443
1136,2019,28,0.809956,0.795831,8422,2090,1058265
1137,2019,29,0.755431,0.768849,8111,2132,1054954
1138,2019,30,0.73346,0.748185,7755,2117,1036508
1139,2019,31,0.72729,0.758451,7874,2128,1038168
1140,2019,32,0.754637,0.77011,8038,2146,1043747
1141,2019,33,0.730938,0.834825,8987,2178,1076513
1142,2019,34,0.840615,0.942052,10096,2147,1071703
1143,2019,35,0.989217,1.07895,11817,2169,1095230
1144,2019,36,1.14059,1.20634,13158,2189,1090741
1145,2019,37,1.23272,1.2757,14831,2221,1162580
1146,2019,38,1.24529,1.39156,15977,2198,1148137
1147,2019,39,1.33771,1.49698,17414,2180,1163278
1148,2019,40,1.49064,1.50415,21915,2896,1456967
